l2filename,cpomfilename,atl07filename,atl10filename,start _CS2,end_CS2,start_IS2,end_IS2,strong_beam
CS_LTA__SIR1SAR_FR_20201015T043431_20201015T044309_E001_l2__ffsar_seaIce_retLib.nc,cry_NO_20201015T043025.elev,ATL07-01_20201015012229_03190901_006_01.h5,ATL10-01_20201015012229_03190901_006_01.h5,"2020, 10, 15, 04, 38, 36","2020, 10, 15, 04, 43, 08","2020, 10, 15, 01, 46, 15","2020, 10, 15, 01, 50, 33",L
CS_LTA__SIR1SAR_FR_20210402T024440_20210402T025138_E001_l2__ffsar_seaIce_retLib.nc,cry_NO_20210402T022221.elev,ATL07-01_20210401235002_01251101_006_02.h5,ATL10-01_20210401235002_01251101_006_02.h5,"2021, 04, 02, 02, 45, 16","2021, 04, 02, 02, 51, 56","2021, 04, 02, 00, 12, 09","2021, 04, 02, 00, 18, 29",R
CS_LTA__SIR1SAR_FR_20210403T100237_20210403T101307_E001_l2__ffsar_seaIce_retLib.nc,cry_NO_20210403T092831.elev,ATL07-01_20210403071550_01451101_006_02.h5,ATL10-01_20210403071550_01451101_006_02.h5,"2021, 04, 03, 10, 06, 52","2021, 04, 03, 10, 13, 43","2021, 04, 03, 07, 34, 07","2021, 04, 03, 07, 40, 37",R
CS_LTA__SIR1SAR_FR_20210404T173201_20210404T173925_E001_l2__ffsar_seaIce_retLib.nc,cry_NO_20210404T173116.elev,ATL07-01_20210404144138_01651101_006_02.h5,ATL10-01_20210404144138_01651101_006_02.h5,"2021, 04, 04, 17, 33, 50","2021, 04, 04, 17, 40, 01","2021, 04, 04, 15, 01, 10","2021, 04, 04, 15, 07, 02",R
CS_LTA__SIR1SAR_FR_20210407T082346_20210407T083117_E001_l2__ffsar_seaIce_retLib.nc,cry_NO_20210407T074556.elev,ATL07-01_20210407053313_02051101_006_02.h5,ATL10-01_20210407053313_02051101_006_02.h5,"2021, 04, 07, 08, 24, 22","2021, 04, 07, 08, 31, 48","2021, 04, 07, 05, 52, 01","2021, 04, 07, 05, 59, 05",R
CS_LTA__SIR1SAR_FR_20210411T064100_20210411T064923_E001_l2__ffsar_seaIce_retLib.nc,cry_NO_20210411T060210.elev,ATL07-01_20210411035036_02651101_006_02.h5,ATL10-01_20210411035036_02651101_006_02.h5,"2021, 04, 11, 06, 41, 36","2021, 04, 11, 06, 49, 20","2021, 04, 11, 04, 09, 40","2021, 04, 11, 04, 17, 01",R
CS_LTA__SIR1SAR_FR_20210413T213403_20210413T214229_E001_l2__ffsar_seaIce_retLib.nc,cry_NO_20210413T211947.elev,ATL07-01_20210413184211_03051101_006_02.h5,ATL10-01_20210413184211_03051101_006_02.h5,"2021, 04, 13, 21, 34, 52","2021, 04, 13, 21, 43, 01","2021, 04, 13, 19, 03, 08","2021, 04, 13, 19, 10, 51",R
CS_LTA__SIR1SAR_FR_20210415T045957_20210415T050507_E001_l2__ffsar_seaIce_retLib.nc,cry_NO_20210415T045606.elev,ATL07-01_20210415020759_03251101_006_02.h5,ATL10-01_20210415020759_03251101_006_02.h5,"2021, 04, 15, 05, 00, 33","2021, 04, 15, 05, 05, 39","2021, 04, 15, 02, 28, 56","2021, 04, 15, 02, 33, 47",R
CS_LTA__SIR1SAR_FR_20210416T122442_20210416T122906_E001_l2__ffsar_seaIce_retLib.nc,cry_NO_20210416T114619.elev,ATL07-01_20210416093346_03451101_006_02.h5,ATL10-01_20210416093346_03451101_006_02.h5,"2021, 04, 16, 12, 25, 19","2021, 04, 16, 12, 29, 42","2021, 04, 16, 09, 53, 53","2021, 04, 16, 09, 58, 05",R
CS_LTA__SIR1SAR_FR_20210417T195130_20210417T195934_E001_l2__ffsar_seaIce_retLib.nc,cry_NO_20210417T193453.elev,ATL07-01_20210417165935_03651101_006_02.h5,ATL10-01_20210417165935_03651101_006_02.h5,"2021, 04, 17, 19, 52, 07","2021, 04, 17, 19, 57, 39","2021, 04, 17, 17, 20, 48","2021, 04, 17, 17, 26, 04",R
CS_LTA__SIR1SAR_FR_20210420T103907_20210420T104621_E001_l2__ffsar_seaIce_retLib.nc,cry_NO_20210420T100224.elev,ATL07-01_20210420075110_04051101_006_02.h5,ATL10-01_20210420075110_04051101_006_02.h5,"2021, 04, 20, 10, 40, 19","2021, 04, 20, 10, 46, 57","2021, 04, 20, 08, 09, 27","2021, 04, 20, 08, 15, 46",R
CS_LTA__SIR1SAR_FR_20210421T180837_20210421T181357_E001_l2__ffsar_seaIce_retLib.nc,cry_NO_20210421T180423.elev,ATL07-01_20210421151658_04251101_006_02.h5,ATL10-01_20210421151658_04251101_006_02.h5,"2021, 04, 21, 18, 09, 14","2021, 04, 21, 18, 14, 33","2021, 04, 21, 15, 38, 21","2021, 04, 21, 15, 43, 24",R
CS_LTA__SIR1SAR_FR_20210423T013504_20210423T014226_E001_l2__ffsar_seaIce_retLib.nc,cry_NO_20210423T011243.elev,ATL07-01_20210422224245_04451101_006_02.h5,ATL10-01_20210422224245_04451101_006_02.h5,"2021, 04, 23, 01, 35, 41","2021, 04, 23, 01, 42, 22","2021, 04, 22, 23, 04, 53","2021, 04, 22, 23, 11, 15",R
CS_LTA__SIR1SAR_FR_20210424T085541_20210424T090331_E001_l2__ffsar_seaIce_retLib.nc,cry_NO_20210424T081924.elev,ATL07-01_20210424060832_04651101_006_02.h5,ATL10-01_20210424060832_04651101_006_02.h5,"2021, 04, 24, 08, 58, 34","2021, 04, 24, 09, 04, 07","2021, 04, 24, 06, 28, 05","2021, 04, 24, 06, 33, 21",R
CS_LTA__SIR1SAR_FR_20210425T162240_20210425T162945_E001_l2__ffsar_seaIce_retLib.nc,cry_NO_20210425T162211.elev,ATL07-01_20210425133419_04851101_006_02.h5,ATL10-01_20210425133419_04851101_006_02.h5,"2021, 04, 25, 16, 23, 35","2021, 04, 25, 16, 30, 21","2021, 04, 25, 13, 53, 16","2021, 04, 25, 13, 59, 42",R
CS_LTA__SIR1SAR_FR_20210428T071406_20210428T072138_E001_l2__ffsar_seaIce_retLib.nc,cry_NO_20210428T063618.elev,ATL07-01_20210428042555_05251101_006_02.h5,ATL10-01_20210428042555_05251101_006_02.h5,"2021, 04, 28, 07, 14, 42","2021, 04, 28, 07, 22, 11","2021, 04, 28, 04, 44, 40","2021, 04, 28, 04, 51, 47",R
CS_LTA__SIR1SAR_FR_20210429T144308_20210429T144646_E001_l2__ffsar_seaIce_retLib.nc,cry_NO_20210429T144042.elev,ATL07-01_20210429115142_05451101_006_02.h5,ATL10-01_20210429115142_05451101_006_02.h5,"2021, 04, 29, 14, 43, 45","2021, 04, 29, 14, 47, 22","2021, 04, 29, 12, 13, 42","2021, 04, 29, 12, 17, 09",R
CS_LTA__SIR1SAR_FR_20210430T220903_20210430T221649_E001_l2__ffsar_seaIce_retLib.nc,cry_NO_20210430T215034.elev,ATL07-01_20210430191730_05651101_006_02.h5,ATL10-01_20210430191730_05651101_006_02.h5,"2021, 04, 30, 22, 10, 21","2021, 04, 30, 22, 15, 53","2021, 04, 30, 19, 40, 26","2021, 04, 30, 19, 45, 40",R
CS_OFFL_SIR1SAR_FR_20211007T161703_20211007T162245_E001_l2__ffsar_seaIce_retLib.nc,cry_NO_20211007T154013.elev,ATL07-01_20211007134434_02311301_006_01.h5,ATL10-01_20211007134434_02311301_006_01.h5,"2021, 10, 07, 16, 17, 39","2021, 10, 07, 16, 21, 10","2021, 10, 07, 14, 06, 20","2021, 10, 07, 14, 09, 41",L
CS_OFFL_SIR1SAR_FR_20211015T124918_20211015T125813_E001_l2__ffsar_seaIce_retLib.nc,cry_NO_20211015T123808.elev,ATL07-01_20211015101920_03511301_006_01.h5,ATL10-01_20211015101920_03511301_006_01.h5,"2021, 10, 15, 12, 50, 16","2021, 10, 15, 12, 54, 32","2021, 10, 15, 10, 39, 55","2021, 10, 15, 10, 43, 58",L
CS_OFFL_SIR1SAR_FR_20211022T015500_20211022T020151_E001_l2__ffsar_seaIce_retLib.nc,cry_NO_20211022T011900.elev,ATL07-01_20211021232819_04511301_006_01.h5,ATL10-01_20211021232819_04511301_006_01.h5,"2021, 10, 22, 01, 56, 08","2021, 10, 22,  01, 59, 42","2021, 10, 21, 23, 46, 38","2021, 10, 21, 23, 50, 01",L
CS_OFFL_SIR1SAR_FR_20211101T132438_20211101T133228_E001_l2__ffsar_seaIce_retLib.nc,cry_NO_20211101T130544.elev,ATL07-01_20211101105441_06111301_006_01.h5,ATL10-01_20211101105441_06111301_006_01.h5,"2021, 11, 01, 13, 26, 48","2021, 11, 01, 13, 31, 43","2021, 11, 01, 11, 18, 11","2021, 11, 01, 11, 22, 50",L
CS_OFFL_SIR1SAR_FR_20211106T190544_20211106T191426_E001_l2__ffsar_seaIce_retLib.nc,cry_NO_20211106T190156.elev,ATL07-01_20211106163753_06911301_006_01.h5,ATL10-01_20211106163753_06911301_006_01.h5,"2021, 11, 06, 19, 09, 58","2021, 11, 06, 19, 13, 38","2021, 11, 06, 17, 01, 52","2021, 11, 06, 17, 05, 20",L
CS_OFFL_SIR1SAR_FR_20211108T023041_20211108T023458_E001_l2__ffsar_seaIce_retLib.nc,cry_NO_20211108T021417.elev,ATL07-01_20211108000339_07111301_006_01.h5,ATL10-01_20211108000339_07111301_006_01.h5,"2021, 11, 08, 02, 31, 18","2021, 11, 08, 02, 35, 35","2021, 11, 08, 00, 23, 33","2021, 11, 08, 00, 27, 38",L
CS_OFFL_SIR1SAR_FR_20211113T081016_20211113T082010_E001_l2__ffsar_seaIce_retLib.nc,cry_NO_20211113T081016.elev,ATL07-01_20211113054657_07911301_006_01.h5,ATL10-01_20211113054657_07911301_006_01.h5,"2021, 11, 13, 08, 14, 35","2021, 11, 13, 08, 18, 15","2021, 11, 13, 06, 07, 27","2021, 11, 13, 06, 10, 55",L
CS_OFFL_SIR1SAR_FR_20211115T230038_20211115T230926_E001_l2__ffsar_seaIce_retLib.nc,cry_NO_20211115T222649.elev,ATL07-01_20211115203827_08311301_006_01.h5,ATL10-01_20211115203827_08311301_006_01.h5,"2021, 11, 15, 23, 03, 30","2021, 11, 15, 23, 10, 03","2021, 11, 15, 20, 56, 45","2021, 11, 15, 21, 02, 59",L
CS_OFFL_SIR1SAR_FR_20211119T212012_20211119T212912_E001_l2__ffsar_seaIce_retLib.nc,cry_NO_20211119T204415.elev,ATL07-01_20211119185554_08911301_006_01.h5,ATL10-01_20211119185554_08911301_006_01.h5,"2021, 11, 19, 21, 22, 20","2021, 11, 19, 21, 29, 21","2021, 11, 19, 19, 15, 56","2021, 11, 19, 19, 22, 37",L
CS_OFFL_SIR1SAR_FR_20211121T044631_20211121T045237_E001_l2__ffsar_seaIce_retLib.nc,cry_NO_20211121T044631.elev,ATL07-01_20211121022139_09111301_006_01.h5,ATL10-01_20211121022139_09111301_006_01.h5,"2021, 11, 21, 04, 47, 48","2021, 11, 21, 04, 53, 14","2021, 11, 21, 02, 41, 34","2021, 11, 21, 02, 46, 43",L
CS_OFFL_SIR1SAR_FR_20211123T193659_20211123T194556_E001_l2__ffsar_seaIce_retLib.nc,cry_NO_20211123T185951.elev,ATL07-01_20211123171314_09511301_006_01.h5,ATL10-01_20211123171314_09511301_006_01.h5,"2021, 11, 23, 19, 37, 36","2021, 11, 23, 19, 45, 54","2021, 11, 23, 17, 31, 40","2021, 11, 23, 17, 39, 34",L
CS_OFFL_SIR1SAR_FR_20211126T103013_20211126T103908_E001_l2__ffsar_seaIce_retLib.nc,cry_NO_20211126T101733.elev,ATL07-01_20211126080447_09911301_006_01.h5,ATL10-01_20211126080447_09911301_006_01.h5,"2021, 11, 26, 10, 31, 19","2021, 11, 26, 10, 39, 44","2021, 11, 26, 08, 25, 34","2021, 11, 26, 08, 33, 33",L
CS_OFFL_SIR1SAR_FR_20211127T175614_20211127T180447_E001_l2__ffsar_seaIce_retLib.nc,cry_NO_20211127T175224.elev,ATL07-01_20211127153035_10111301_006_01.h5,ATL10-01_20211127153035_10111301_006_01.h5,"2021, 11, 27, 17, 56, 50","2021, 11, 27, 18, 04, 19","2021, 11, 27, 15, 51, 14","2021, 11, 27, 15, 58, 21",L
CS_OFFL_SIR1SAR_FR_20211130T084755_20211130T085550_E001_l2__ffsar_seaIce_retLib.nc,cry_NO_20211130T083516.elev,ATL07-01_20211130062211_10511301_006_01.h5,ATL10-01_20211130062211_10511301_006_01.h5,"2021, 11, 30, 08, 50, 57","2021, 11, 30, 08, 56, 26","2021, 11, 30, 06, 45, 29","2021, 11, 30, 06, 50, 43",L
CS_OFFL_SIR1SAR_FR_20211201T161358_20211201T162109_E001_l2__ffsar_seaIce_retLib.nc,cry_NO_20211201T155756.elev,ATL07-01_20211201134758_10711301_006_01.h5,ATL10-01_20211201134758_10711301_006_01.h5,"2021, 12, 01, 16, 16, 31","2021, 12, 01, 16, 20, 27","2021, 12, 01, 14, 11, 12","2021, 12, 01, 14, 14, 56",L
CS_OFFL_SIR1SAR_FR_20211202T233606_20211202T234243_E001_l2__ffsar_seaIce_retLib.nc,cry_NO_20211202T225947.elev,ATL07-01_20211202211346_10911301_006_01.h5,ATL10-01_20211202211346_10911301_006_01.h5,"2021, 12, 02, 23, 37, 14","2021, 12, 02, 23, 43, 19","2021, 12, 02, 21, 32, 17","2021, 12, 02, 21, 38, 04",L
CS_OFFL_SIR1SAR_FR_20211206T214957_20211206T215954_E001_l2__ffsar_seaIce_retLib.nc,cry_NO_20211206T211642.elev,ATL07-01_20211206193110_11511301_006_01.h5,ATL10-01_20211206193110_11511301_006_01.h5,"2021, 12, 06, 21, 54, 03","2021, 12, 06, 21, 59, 35","2021, 12, 06, 19, 49, 36","2021, 12, 06, 19, 54, 50",L
CS_OFFL_SIR1SAR_FR_20211208T051838_20211208T052613_E001_l2__ffsar_seaIce_retLib.nc,cry_NO_20211208T051838.elev,ATL07-01_20211208025658_11711301_006_01.h5,ATL10-01_20211208025658_11711301_006_01.h5,"2021, 12, 08, 05, 21, 47","2021, 12, 08, 05, 26, 21","2021, 12, 08, 03, 17, 22","2021, 12, 08, 03, 21, 42",L
CS_OFFL_SIR1SAR_FR_20211213T110528_20211213T111300_E001_l2__ffsar_seaIce_retLib.nc,cry_NO_20211213T105121.elev,ATL07-01_20211213084009_12511301_006_01.h5,ATL10-01_20211213084009_12511301_006_01.h5,"2021, 12, 13, 11, 07, 12","2021, 12, 13, 11, 12, 42","2021, 12, 13, 09, 03, 13","2021, 12, 13, 09, 08, 27",L
CS_OFFL_SIR1SAR_FR_20211214T182731_20211214T183614_E001_l2__ffsar_seaIce_retLib.nc,cry_NO_20211214T174937.elev,ATL07-01_20211214160557_12711301_006_01.h5,ATL10-01_20211214160557_12711301_006_01.h5,"2021, 12, 14, 18, 28, 08","2021, 12, 14, 18, 36, 49","2021, 12, 14, 16, 24, 31","2021, 12, 14, 16, 32, 47",L
CS_OFFL_SIR1SAR_FR_20211221T073819_20211221T074618_E001_l2__ffsar_seaIce_retLib.nc,cry_NO_20211221T072714.elev,ATL07-01_20211221051453_13711301_006_01.h5,ATL10-01_20211221051453_13711301_006_01.h5,"2021, 12, 21, 07, 39, 14","2021, 12, 21, 07, 46, 04","2021, 12, 21, 05, 36, 11","2021, 12, 21, 05, 42, 41",L
CS_OFFL_SIR1SAR_FR_20211227T204222_20211227T205019_E001_l2__ffsar_seaIce_retLib.nc,cry_NO_20211227T200711.elev,ATL07-01_20211227182351_00841401_006_01.h5,ATL10-01_20211227182351_00841401_006_01.h5,"2021, 12, 27, 20, 44, 20","2021, 12, 27, 20, 50, 56","2021, 12, 27, 18, 42, 08","2021, 12, 27, 18, 48, 26",L
CS_OFFL_SIR1SAR_FR_20211229T040921_20211229T041633_E001_l2__ffsar_seaIce_retLib.nc,cry_NO_20211229T040753.elev,ATL07-01_20211229014938_01041401_006_01.h5,ATL10-01_20211229014938_01041401_006_01.h5,"2021, 12, 29, 04, 10, 33","2021, 12, 29, 04, 14, 44","2021, 12, 29, 02, 08, 28","2021, 12, 29, 02, 12, 27",L
CS_OFFL_SIR1SAR_FR_20211231T190055_20211231T190824_E001_l2__ffsar_seaIce_retLib.nc,cry_NO_20211231T182418.elev,ATL07-01_20211231164114_01441401_006_01.h5,ATL10-01_20211231164114_01441401_006_01.h5,"2021, 12, 31, 19, 03, 47","2021, 12, 31, 19, 09, 01","2021, 12, 31, 17, 01, 54","2021, 12, 31, 17, 06, 52",L
CS_OFFL_SIR1SAR_FR_20220102T022951_20220102T023333_E001_l2__ffsar_seaIce_retLib.nc,cry_NO_20220102T022724.elev,ATL07-01_20220102000701_01641401_006_01.h5,ATL10-01_20220102000701_01641401_006_01.h5,"2022, 01, 02, 02, 30, 28","2022, 01, 02, 02, 34, 10","2022, 01, 02, 00, 28, 39","2022, 01, 02, 00, 32, 12",L
CS_OFFL_SIR1SAR_FR_20220103T095551_20220103T100335_E001_l2__ffsar_seaIce_retLib.nc,cry_NO_20220103T094218.elev,ATL07-01_20220103073249_01841401_006_01.h5,ATL10-01_20220103073249_01841401_006_01.h5,"2022, 01, 03, 09, 56, 30","2022, 01, 03, 10, 00, 59","2022, 01, 03, 07, 54, 51","2022, 01, 03, 07, 59, 05",L
CS_OFFL_SIR1SAR_FR_20220106T004340_20220106T004846_E001_l2__ffsar_seaIce_retLib.nc,cry_NO_20220106T002400.elev,ATL07-01_20220105222422_02241401_006_01.h5,ATL10-01_20220105222422_02241401_006_01.h5,"2022, 01, 06, 00, 44, 44","2022, 01, 06, 00, 49, 23","2022, 01, 05, 22, 43, 30","2022, 01, 05, 22, 47, 56",L
CS_OFFL_SIR1SAR_FR_20220107T081113_20220107T081934_E001_l2__ffsar_seaIce_retLib.nc,cry_NO_20220107T075754.elev,ATL07-01_20220107055013_02441401_006_01.h5,ATL10-01_20220107055013_02441401_006_01.h5,"2022, 01, 07, 08, 12, 20","2022, 01, 07, 08, 20, 10","2022, 01, 07, 06, 11, 10","2022, 01, 07, 06, 18, 36",L
CS_OFFL_SIR1SAR_FR_20220108T153708_20220108T154212_E001_l2__ffsar_seaIce_retLib.nc,cry_NO_20220108T153317.elev,ATL07-01_20220108131601_02641401_006_01.h5,ATL10-01_20220108131601_02641401_006_01.h5,"2022, 01, 08, 15, 38, 27","2022, 01, 08, 15, 42, 49","2022, 01, 08, 13, 37, 24","2022, 01, 08, 13, 41, 34",L
CS_OFFL_SIR1SAR_FR_20220111T062839_20220111T063645_E001_l2__ffsar_seaIce_retLib.nc,cry_NO_20220111T061745.elev,ATL07-01_20220111040736_03041401_006_01.h5,ATL10-01_20220111040736_03041401_006_01.h5,"2022, 01, 11, 06, 31, 46","2022, 01, 11, 06, 37, 21","2022, 01, 11, 04, 30, 55","2022, 01, 11, 04, 36, 14",L
CS_OFFL_SIR1SAR_FR_20220112T135655_20220112T140200_E001_l2__ffsar_seaIce_retLib.nc,cry_NO_20220112T133259.elev,ATL07-01_20220112113324_03241401_006_01.h5,ATL10-01_20220112113324_03241401_006_01.h5,"2022, 01, 12, 13, 57, 32","2022, 01, 12, 14, 01, 19","2022, 01, 12, 11, 56, 49","2022, 01, 12, 12, 00, 25",L
CS_OFFL_SIR1SAR_FR_20220115T044549_20220115T045104_E001_l2__ffsar_seaIce_retLib.nc,cry_NO_20220115T044136.elev,ATL07-01_20220115022500_03641401_006_01.h5,ATL10-01_20220115022500_03641401_006_01.h5,"2022, 01, 15, 04, 47, 19","2022, 01, 15, 04, 51, 41","2022, 01, 15, 02, 46, 59","2022, 01, 15, 02, 51, 08",L
CS_OFFL_SIR1SAR_FR_20220116T121214_20220116T121932_E001_l2__ffsar_seaIce_retLib.nc,cry_NO_20220116T114946.elev,ATL07-01_20220116095048_03841401_006_01.h5,ATL10-01_20220116095048_03841401_006_01.h5,"2022, 01, 16, 12, 12, 51","2022, 01, 16, 12, 19, 33","2022, 01, 16, 10, 12, 39","2022, 01, 16, 10, 19, 02",L
CS_OFFL_SIR1SAR_FR_20220117T193336_20220117T194043_E001_l2__ffsar_seaIce_retLib.nc,cry_NO_20220117T185657.elev,ATL07-01_20220117171635_04041401_006_01.h5,ATL10-01_20220117171635_04041401_006_01.h5,"2022, 01, 17, 19, 34, 44","2022, 01, 17, 19, 39, 48","2022, 01, 17, 17, 34, 52","2022, 01, 17, 17, 39, 41",L
CS_OFFL_SIR1SAR_FR_20220121T175114_20220121T175848_E001_l2__ffsar_seaIce_retLib.nc,cry_NO_20220121T171400.elev,ATL07-01_20220121153357_04641401_006_01.h5,ATL10-01_20220121153357_04641401_006_01.h5,"2022, 01, 21, 17, 51, 51","2022, 01, 21, 17, 59, 24","2022, 01, 21, 15, 52, 23","2022, 01, 21, 15, 59, 35",L
CS_OFFL_SIR1SAR_FR_20220128T070103_20220128T070948_E001_l2__ffsar_seaIce_retLib.nc,cry_NO_20220128T064811.elev,ATL07-01_20220128044255_05641401_006_01.h5,ATL10-01_20220128044255_05641401_006_01.h5,"2022, 01, 28, 07, 02, 43","2022, 01, 28, 07, 08, 59","2022, 01, 28, 05, 03, 50","2022, 01, 28, 05, 09, 46",L
CS_OFFL_SIR1SAR_FR_20220201T051724_20220201T052711_E001_l2__ffsar_seaIce_retLib.nc,cry_NO_20220201T050801.elev,ATL07-01_20220201030018_06241401_006_01.h5,ATL10-01_20220201030018_06241401_006_01.h5,"2022, 02, 01, 05, 23, 11","2022, 02, 01, 05, 27, 47","2022, 02, 01, 03, 24, 32","2022, 02, 01, 03, 28, 55",L
CS_OFFL_SIR1SAR_FR_20220202T124520_20220202T125222_E001_l2__ffsar_seaIce_retLib.nc,cry_NO_20220202T122342.elev,ATL07-01_20220202102604_06441401_006_01.h5,ATL10-01_20220202102604_06441401_006_01.h5,"2022, 02, 02, 12, 48, 08","2022, 02, 02, 12, 51, 56","2022, 02, 02, 10, 49, 39","2022, 02, 02, 10, 53, 16",L
CS_OFFL_SIR1SAR_FR_20220203T200642_20220203T201356_E001_l2__ffsar_seaIce_retLib.nc,cry_NO_20220203T195502.elev,ATL07-01_20220203175152_06641401_006_01.h5,ATL10-01_20220203175152_06641401_006_01.h5,"2022, 02, 03, 20, 08, 14","2022, 02, 03, 20, 12, 21","2022, 02, 03, 18, 10, 10","2022, 02, 03, 18, 14, 04",L
CS_OFFL_SIR1SAR_FR_20220207T182409_20220207T183106_E001_l2__ffsar_seaIce_retLib.nc,cry_NO_20220207T174642.elev,ATL07-01_20220207160915_07241401_006_01.h5,ATL10-01_20220207160915_07241401_006_01.h5,"2022, 02, 07, 18, 25, 11","2022, 02, 07, 18, 28, 58","2022, 02, 07, 16, 27, 32","2022, 02, 07, 16, 31, 07",L
CS_OFFL_SIR1SAR_FR_20220210T091934_20220210T092650_E001_l2__ffsar_seaIce_retLib.nc,cry_NO_20220210T083756.elev,ATL07-01_20220210070049_07641401_006_01.h5,ATL10-01_20220210070049_07641401_006_01.h5,"2022, 02, 10, 09, 20, 12","2022, 02, 10, 09, 25, 01","2022, 02, 10, 07, 22, 40","2022, 02, 10, 07, 27, 15",L
CS_OFFL_SIR1SAR_FR_20220222T040725_20220222T041730_E001_l2__ffsar_seaIce_retLib.nc,cry_NO_20220222T040413.elev,ATL07-01_20220222015302_09441401_006_01.h5,ATL10-01_20220222015302_09441401_006_01.h5,"2022, 02, 22, 04, 09, 02","2022, 02, 22, 04, 18, 06","2022, 02, 22, 02, 12, 58","2022, 02, 22, 02, 21, 34",L
CS_OFFL_SIR1SAR_FR_20220223T113546_20220223T114245_E001_l2__ffsar_seaIce_retLib.nc,cry_NO_20220223T111344.elev,ATL07-01_20220223091849_09641401_006_01.h5,ATL10-01_20220223091849_09641401_006_01.h5,"2022, 02, 23, 11, 36, 25","2022, 02, 23, 11, 42, 59","2022, 02, 23, 09, 40, 24","2022, 02, 23, 09, 46, 37",L
CS_OFFL_SIR1SAR_FR_20220224T185758_20220224T190421_E001_l2__ffsar_seaIce_retLib.nc,cry_NO_20220224T184526.elev,ATL07-01_20220224164442_09841401_006_01.h5,ATL10-01_20220224164442_09841401_006_01.h5,"2022, 02, 24, 19, 01, 25","2022, 02, 24, 19, 04, 57","2022, 02, 24, 17, 05, 33","2022, 02, 24, 17, 08, 55",L
CS_OFFL_SIR1SAR_FR_20220302T004121_20220302T004737_E001_l2__ffsar_seaIce_retLib.nc,cry_NO_20220302T004024.elev,ATL07-01_20220301222747_10641401_006_01.h5,ATL10-01_20220301222747_10641401_006_01.h5,"2022, 03, 02, 00, 42, 14","2022, 03, 02, 00, 48, 03","2022, 03, 01, 22, 47, 01","2022, 03, 01, 22, 52, 32",L
CS_OFFL_SIR1SAR_FR_20220307T062651_20220307T063516_E001_l2__ffsar_seaIce_retLib.nc,cry_NO_20220307T061333.elev,ATL07-01_20220307041059_11441401_006_01.h5,ATL10-01_20220307041059_11441401_006_01.h5,"2022, 03, 07, 06, 27, 27","2022, 03, 07, 06, 32, 56","2022, 03, 07, 04, 32, 41","2022, 03, 07, 04, 37, 52",L
CS_OFFL_SIR1SAR_FR_20220308T135036_20220308T140032_E001_l2__ffsar_seaIce_retLib.nc,cry_NO_20220308T133936.elev,ATL07-01_20220308113646_11641401_006_01.h5,ATL10-01_20220308113646_11641401_006_01.h5,"2022, 03, 08, 13, 54, 13","2022, 03, 08, 13, 58, 04","2022, 03, 08, 11, 59, 32","2022, 03, 08, 12, 03, 10",L
CS_OFFL_SIR1SAR_FR_20220309T211459_20220309T212006_E001_l2__ffsar_seaIce_retLib.nc,cry_NO_20220309T205916.elev,ATL07-01_20220309190233_11841401_006_01.h5,ATL10-01_20220309190233_11841401_006_01.h5,"2022, 03, 09, 21, 16, 47","2022, 03, 09, 21, 20, 43","2022, 03, 09, 19, 22, 24","2022, 03, 09, 19, 26, 08",L
CS_OFFL_SIR1SAR_FR_20220311T044236_20220311T045030_E001_l2__ffsar_seaIce_retLib.nc,cry_NO_20220311T042930.elev,ATL07-01_20220311022820_12041401_006_01.h5,ATL10-01_20220311022820_12041401_006_01.h5,"2022, 03, 11, 04, 43, 38","2022, 03, 11, 04, 50, 21","2022, 03, 11, 02, 49, 19","2022, 03, 11, 02, 55, 41",L
CS_OFFL_SIR1SAR_FR_20220312T120827_20220312T121343_E001_l2__ffsar_seaIce_retLib.nc,cry_NO_20220312T112729.elev,ATL07-01_20220312095408_12241401_006_01.h5,ATL10-01_20220312095408_12241401_006_01.h5,"2022, 03, 12, 12, 09, 33","2022, 03, 12, 12, 14, 20","2022, 03, 12, 10, 15, 22","2022, 03, 12, 10, 19, 55",L
CS_OFFL_SIR1SAR_FR_20220319T011701_20220319T012205_E001_l2__ffsar_seaIce_retLib.nc,cry_NO_20220319T011241.elev,ATL07-01_20220318230308_13241401_006_01.h5,ATL10-01_20220318230308_13241401_006_01.h5,"2022, 03, 19, 01, 18, 13","2022, 03, 19, 01, 22, 41","2022, 03, 18, 23, 24, 47","2022, 03, 18, 23, 29, 01",L
CS_OFFL_SIR1SAR_FR_20220320T084322_20220320T084845_E001_l2__ffsar_seaIce_retLib.nc,cry_NO_20220320T081951.elev,ATL07-01_20220320062856_13441401_006_01.h5,ATL10-01_20220320062856_13441401_006_01.h5,"2022, 03, 20, 08, 43, 59","2022, 03, 20, 08, 49, 22","2022, 03, 20, 06, 50, 41","2022, 03, 20, 06, 55, 49",L
CS_OFFL_SIR1SAR_FR_20220321T160514_20220321T161157_E001_l2__ffsar_seaIce_retLib.nc,cry_NO_20220321T152659.elev,ATL07-01_20220321135444_13641401_006_01.h5,ATL10-01_20220321135444_13641401_006_01.h5,"2022, 03, 21, 16, 05, 58","2022, 03, 21, 16, 12, 34","2022, 03, 21, 14, 13, 01","2022, 03, 21, 14, 19, 18",L
CS_OFFL_SIR1SAR_FR_20220322T233203_20220322T233759_E001_l2__ffsar_seaIce_retLib.nc,cry_NO_20220322T233049.elev,ATL07-01_20220322212032_13841401_006_01.h5,ATL10-01_20220322212032_13841401_006_01.h5,"2022, 03, 22, 23, 32, 41","2022, 03, 22, 23, 38, 35","2022, 03, 22, 21, 39, 49","2022, 03, 22, 21, 45, 26",L
CS_OFFL_SIR1SAR_FR_20220324T070024_20220324T070756_E001_l2__ffsar_seaIce_retLib.nc,cry_NO_20220324T061850.elev,ATL07-01_20220324044618_00171501_006_01.h5,ATL10-01_20220324044618_00171501_006_01.h5,"2022, 03, 24, 07, 01, 02","2022, 03, 24, 07, 08, 18","2022, 03, 24, 05, 08, 11","2022, 03, 24, 05, 15, 05",L
CS_OFFL_SIR1SAR_FR_20220328T051708_20220328T052533_E001_l2__ffsar_seaIce_retLib.nc,cry_NO_20220328T050408.elev,ATL07-01_20220328030343_00771501_006_01.h5,ATL10-01_20220328030343_00771501_006_01.h5,"2022, 03, 28, 05, 17, 44","2022, 03, 28, 05, 25, 15","2022, 03, 28, 03, 25, 19","2022, 03, 28, 03, 32, 29",L
CS_OFFL_SIR1SAR_FR_20220329T124106_20220329T125111_E001_l2__ffsar_seaIce_retLib.nc,cry_NO_20220329T122947.elev,ATL07-01_20220329102930_00971501_006_01.h5,ATL10-01_20220329102930_00971501_006_01.h5,"2022, 03, 29, 12, 41, 48","2022, 03, 29, 12, 46, 23","2022, 03, 29, 10, 49, 35","2022, 03, 29, 10, 53, 57",L
CS_OFFL_SIR1SAR_FR_20220329T124106_20220329T125111_E001_l2__ffsar_seaIce_retLib.nc,cry_NO_20220329T122947.elev,ATL07-01_20220329102930_00971501_006_01.h5,ATL10-01_20220329102930_00971501_006_01.h5,"2022, 03, 29, 12, 46, 22","2022, 03, 29, 12, 50, 06","2022, 03, 29, 10, 53, 56","2022, 03, 29, 10, 57, 30",L
CS_OFFL_SIR1SAR_FR_20220401T033307_20220401T034054_E001_l2__ffsar_seaIce_retLib.nc,cry_NO_20220401T031947.elev,ATL07-01_20220401012104_01371501_006_02.h5,ATL10-01_20220401012104_01371501_006_02.h5,"2022, 04, 01, 03, 34, 01","2022, 04, 01, 03, 41, 31","2022, 04, 01, 01, 42, 02","2022, 04, 01, 01, 49, 10",L
CS_OFFL_SIR1SAR_FR_20220402T105853_20220402T110411_E001_l2__ffsar_seaIce_retLib.nc,cry_NO_20220402T101800.elev,ATL07-01_20220402084652_01571501_006_02.h5,ATL10-01_20220402084652_01571501_006_02.h5,"2022, 04, 02, 10, 59, 29","2022, 04, 02, 11, 04, 47","2022, 04, 02, 09, 07, 39","2022, 04, 02, 09, 12, 43",L
CS_OFFL_SIR1SAR_FR_20220403T182310_20220403T182757_E001_l2__ffsar_seaIce_retLib.nc,cry_NO_20220403T175012.elev,ATL07-01_20220403161239_01771501_006_02.h5,ATL10-01_20220403161239_01771501_006_02.h5,"2022, 04, 03, 18, 25, 24","2022, 04, 03, 18, 28, 34","2022, 04, 03, 16, 33, 44","2022, 04, 03, 16, 36, 44",L